{
  "total_requested": 55,
  "total_generated": 55,
  "methods": {
    "topic": {
      "requested": 28,
      "generated": 28,
      "failed": 0,
      "avg_time": 12.227660187653132,
      "avg_difficulty": 0.744642857142857,
      "bias_distribution": {
        "authority": 14,
        "specificity": 19,
        "anchoring": 22,
        "availability": 23,
        "representativeness": 10,
        "confirmation": 10
      },
      "times": [
        14.666327953338623,
        9.86422324180603,
        9.458714246749878,
        10.238952398300171,
        11.097468614578247,
        11.789628267288208,
        8.914686441421509,
        10.159127235412598,
        13.038961410522461,
        17.056873083114624,
        14.827421426773071,
        10.89395260810852,
        14.517119646072388,
        11.28710675239563,
        13.186869382858276,
        9.658171892166138,
        12.608857870101929,
        9.341969728469849,
        17.418689012527466,
        9.339614868164062,
        14.284794569015503,
        11.518064022064209,
        13.964783430099487,
        11.465485572814941,
        12.660678386688232,
        10.089126110076904,
        12.816333532333374,
        16.21048355102539
      ]
    },
    "scratch": {
      "requested": 27,
      "generated": 27,
      "failed": 0,
      "avg_time": 12.019048973366067,
      "avg_difficulty": 0.738888888888889,
      "bias_distribution": {
        "availability": 24,
        "anchoring": 25,
        "specificity": 17,
        "representativeness": 10,
        "authority": 14,
        "confirmation": 5,
        "all-or-nothing thinking": 1,
        "action": 1
      },
      "times": [
        11.317896842956543,
        10.070932149887085,
        12.631670236587524,
        10.635574102401733,
        10.983274221420288,
        15.43893814086914,
        14.17236590385437,
        13.410686492919922,
        13.141334772109985,
        9.599301099777222,
        12.530834197998047,
        10.268190383911133,
        8.740230560302734,
        11.324484825134277,
        16.18793249130249,
        12.180226802825928,
        10.30735969543457,
        10.332443952560425,
        13.862287282943726,
        13.169849395751953,
        10.453536748886108,
        15.67150592803955,
        10.94318175315857,
        12.758235454559326,
        11.01921010017395,
        12.671584606170654,
        10.691254138946533
      ]
    }
  }
}